Date Created,Number of Likes,Source of Tweet,Tweets
2023-03-08 17:37:51+00:00,94,Twitter for Android,We expect that such attempts will be rejected &amp; will not drag our friendly #Arab countries into the field of religious discord. We should prevent any further attempt of giving a religious tone to purely political &amp; humanitarian disputes.
2023-03-08 17:35:27+00:00,283,Twitter for Android,"#Azerbaijan manipulates ARM-AZ relations &amp; #NagornoKarabakh issue on intl platforms, especially those organizations where #Armenia is not represented trying to give it religious tone &amp; using delicate concept of Muslim solidarity.

Speech at LAS â¡ï¸https://t.co/OxlANnx5w0 https://t.co/6eiGLv3upH"
2023-03-04 13:04:52+00:00,740,Twitter for Android,"Always a pleasure to visit India &amp; meet my good friend &amp; colleague @DrSJaishankar.
Discussed our cooperation in bilateral &amp; multilateral formats, as well as regional &amp; international security issues.

#ArmeniağŸ‡¦ğŸ‡²-#IndiağŸ‡®ğŸ‡³ partnership will continue to grow &amp; strengthen. #Raisina2023 https://t.co/i3th2KDpKW"
2023-03-02 07:48:58+00:00,300,Twitter for Android,"Today we celebrate Armenian #DiplomatsDay.Â 

Our diplomacy unwaveringly continues to strengthen #Armenia's independence, sovereignty &amp; democracy. We highly appreciate our diplomats &amp; their selfless work in the key mission of serving the national interests of ğŸ‡¦ğŸ‡². https://t.co/mlE0erMhQy"
2023-03-01 07:47:07+00:00,215,Twitter for Android,"Deeply saddened by news of horrific train collision in #Greece that claimed dozens of lives. Our heartfelt condolences to families &amp; friends of victims &amp; we wish a speedy recovery to injured. 

#Armenia stands by brotherly Greece &amp; its people in this tragic moment. @NikosDendias"
2023-02-28 15:27:05+00:00,272,Twitter for Android,"Deployment of UN mission to #LachinCorridor &amp; #NagornoKarabakh is bare minimum that intl community can do in these circumstances. #UNğŸ‡ºğŸ‡³human rights machinery should be utilized for saving lives &amp; protecting human rights.
 
Speech at #HRC52â¡ï¸ https://t.co/7DKK5IRrBn https://t.co/xlZe31NObA"
2023-02-23 12:24:11+00:00,216,Twitter for Android,"ğŸ’¬I would like to emphasise that #Azerbaijan should abandon its expansionist approaches, warmongering rhetoric &amp; aspirations towards sovereign territory of Republic of #Armenia &amp; enter area of constructive discussions &amp; good faith negotiations.

https://t.co/bkdoqCMxP0"
2023-02-22 16:41:45+00:00,991,Twitter for Android,"We welcome @CIJ_ICJ's ruling today that #Azerbaijan must take all measures to end its blockade &amp; ensure unimpeded movement of persons, vehicles &amp; cargo along the #LachinCorridor. 

We are also pleased to see truth prevail as the Court rejected in full Azerbaijan's counter request https://t.co/CLA80QJ0FJ"
2023-02-17 18:15:36+00:00,250,Twitter for Android,Glad to meet  my colleague @DominiqueHasler at #MSC2023 and discuss prospects of cooperation between #ArmeniağŸ‡¦ğŸ‡² and #LiechtensteinğŸ‡±ğŸ‡®. https://t.co/vJyncSOxMS
2023-02-16 14:28:11+00:00,306,Twitter for Android,"ğŸ’¬Despite AZ actions against #Armenia ğŸ‡¦ğŸ‡²&amp; its democracy as well as current harsh challenges, we remain faithful to our values &amp;, in cooperation with #CoE, we continue to strengthen democratic institutions. #Democracy in Armenia is irreversible.

https://t.co/0CquiKu7v2 https://t.co/5eQvJkgeWo"
2023-02-15 11:49:13+00:00,198,Twitter for Android,"It is symbolic that on Saturday the #Armenian-#Turkish border, which has been closed for 30 years, was opened for ğŸ‡¦ğŸ‡²trucks loaded with humanitarian aid heading to Adiyaman. Same happened last night, &amp; hours later another batch of humanitarian aid will reach Adiyaman."
2023-02-15 11:22:54+00:00,747,Twitter for Android,"Our meeting today is determined by disaster that claimed many lives,however, being in TÃ¼rkiye at this difficult moment,I would like to reiterate readiness &amp;willingness ofğŸ‡¦ğŸ‡²build peace in reg, establish dip rels &amp;fully open border btw #Armenia &amp; #TÃ¼rkiye. â¡ï¸https://t.co/BYdVbSMtVu https://t.co/1htjeSAvhy"
2023-02-08 16:39:25+00:00,196,Twitter for Android,"Challenges resulting from 2020 war unleashed by AZ against #NagornoKarabakh, occupation of sovereign territory of #Armenia in 2021 &amp; 2022 not only undermineğŸ‡¦ğŸ‡²efforts to establish peace, stability &amp;security in #SouthCaucasus, but also threatenğŸ‡¦ğŸ‡²democracy.â¡ï¸ https://t.co/df7hgfRpjU"
2023-01-26 10:40:33+00:00,3406,Twitter for Android,"Heartfelt congratulations to my dear friend and colleague @DrSJaishankar, brotherly people and government of #IndiağŸ‡®ğŸ‡³."
2023-01-24 19:09:53+00:00,625,Twitter for Android,"ğŸ’¬#Azerbaijan should face consequences for its actions. It should be explained to Azerbaijan that there are certain international rules to which everybody has to abide. 

Remarks at the Committee on Foreign Affairs of @Europarl_ENğŸ‡ªğŸ‡º â¡ï¸https://t.co/Zz1bv6vBteâ€¦ https://t.co/5O1F15WrM7"
2023-01-23 12:51:22+00:00,1028,Twitter for Android,"We very much welcome the #EU'sğŸ‡ªğŸ‡º decision to send a fully-fledged civilian mission to #ArmeniağŸ‡¦ğŸ‡². We will readily cooperate with the mission and support its activities. 
This mission will contribute to the peace, stability and security of the region. https://t.co/SEyf2WHL4Q"
2023-01-20 18:51:12+00:00,36,Twitter for Android,"TrÃ¨s attristÃ© par la nouvelle de la disparition prÃ©maturÃ©e du ministre des Affaires Ã©trangÃ¨res du #GabonğŸ‡¬ğŸ‡¦, Michael Moussa Adamo (@Officiel_MMA). 
Mes sincÃ¨res condolÃ©ances Ã  la famille, au peuple et aux autoritÃ©s gabonais."
2023-01-20 16:18:11+00:00,248,Twitter for Android,"Regardless of AZ illegal actions in #LachinCorridor &amp; delay of Moscow meeting, we conveyed our new proposals &amp; their rationale for draft agreement to AZ side more than month ago, but havenâ€™t yet received response. So ball is now in #Azerbaijan's court. â¡ï¸ https://t.co/jWUgjr9oYr https://t.co/QpWrp17yIt"
2023-01-17 17:49:21+00:00,514,Twitter for Android,"Humanitarian crisis is worsening with each passing day.We cannot stand by &amp; watch how people are slowly starving to death, because of political games &amp; perhaps geopolitical considerations. The time to act is now.

Statement at Special meeting of #OSCE PCâ¤µï¸
https://t.co/8TXMroiOJc https://t.co/dGdoKKj3Rq"
2023-01-13 10:24:51+00:00,607,Twitter for Android,Thank you dear friend &amp; colleague @DrSJaishankar for organizing &amp; hosting #VoiceOfGlobalSouth summit. We shared our opinons&amp;visions on development &amp; growth. In this context importance of steps by intl community to establish peace &amp; security in the region was highlighted.#G20India https://t.co/YE3kni3tcA
2022-12-25 06:46:00+00:00,262,Twitter for Android,"Interview to @RFERL
""ğŸ’¬#Armenian side has clearly indicated reason &amp; necessity of postponing meeting. One canâ€™t disagree that it is difficult to have constructive &amp; productive meetings in face of constant threats &amp; ever-new manifestations of use of force."" https://t.co/6a6RgWULQb"
2022-12-21 06:24:22+00:00,103,Twitter for Android,#Armenia appreciates the fair and principled stance of @UN Security Council members.
2022-12-21 06:23:53+00:00,528,Twitter for Android,UN #SecurityCouncil yesterday's discussion clearly indicates the strong &amp; unequivocal international consensus on immediate &amp; unconditional opening of #LachinCorridor which is blocked by Azerbaijan. Safe &amp; secure connection between Armenia and #NagornoKarabakh must be restored. https://t.co/G9vw61SmPK
2022-12-21 06:06:47+00:00,32,Twitter for Android,#Armenia appreciates the fair and principled stance of @UN Security Council members.
2022-12-16 03:58:30+00:00,194,Twitter for Android,"ğŸ’¬""Both in case of #Armenia-#Azerbaijan normalization process &amp; issue of #NagornoKarabakh, AZ refuses to realize its commitments. Actions, warmongering rhetoric &amp; maximalism of AZ put chance of reaching peace in South Caucasus under serious risk""â¤µï¸ 
https://t.co/Zz1bv6v3DGâ€¦ https://t.co/beXpwqA8dh"
2022-12-02 06:11:34+00:00,231,Twitter for Android,"South Caucasus was one of regions, where we face continuous use of force &amp; threat of use of force. #Azerbaijan not only has been continuing its warmongering rhetoric, but also military aggression against sovereignty &amp; territorial integrity of #Armenia.Â 
https://t.co/Cdci9GHK4V https://t.co/lrow9IOqRJ"
2022-11-28 18:14:44+00:00,178,Twitter for Android,"At quadrilateral meeting in Prague, agreement has been reached on next meeting. We continue to adhere to it &amp; again express readiness to arrange meeting of PM of #Armenia, Presidents of #Azerbaijan, #France &amp; @eucopresident within acceptable time frame. https://t.co/uddDzU0abp"
2022-11-26 18:32:57+00:00,126,Twitter for Android,"Ğ“Ğ»ÑƒĞ±Ğ¾ĞºĞ¾ Ğ¿Ğ¾Ñ‚Ñ€ÑÑĞµĞ½ ÑĞ¾Ğ¾Ğ±Ñ‰ĞµĞ½Ğ¸ĞµĞ¼ Ğ¾ ÑĞ¼ĞµÑ€Ñ‚Ğ¸ ĞœĞ¸Ğ½Ğ¸ÑÑ‚Ñ€Ğ° Ğ¸Ğ½Ğ¾ÑÑ‚Ñ€Ğ°Ğ½Ğ½Ñ‹Ñ… Ğ´ĞµĞ» Ğ ĞµÑĞ¿ÑƒĞ±Ğ»Ğ¸ĞºĞ¸ #Ğ‘ĞµĞ»Ğ°Ñ€ÑƒÑÑŒ Ğ’Ğ»Ğ°Ğ´Ğ¸Ğ¼Ğ¸Ñ€Ğ° Ğ’Ğ»Ğ°Ğ´Ğ¸Ğ¼Ğ¸Ñ€Ğ¾Ğ²Ğ¸Ñ‡Ğ° ĞœĞ°ĞºĞµÑ.

Ğ’Ñ‹Ñ€Ğ°Ğ¶Ğ°Ñ Ğ¸ÑĞºÑ€ĞµĞ½Ğ½Ğ¸Ğµ ÑĞ¾Ğ±Ğ¾Ğ»ĞµĞ·Ğ½Ğ¾Ğ²Ğ°Ğ½Ğ¸Ñ Ñ€Ğ¾Ğ´Ğ½Ñ‹Ğ¼ Ğ¸ Ğ±Ğ»Ğ¸Ğ·ĞºĞ¸Ğ¼ Ğ’Ğ»Ğ°Ğ´Ğ¸Ğ¼Ğ¸Ñ€Ğ° Ğ’Ğ»Ğ°Ğ´Ğ¸Ğ¼Ğ¸Ñ€Ğ¾Ğ²Ğ¸Ñ‡Ğ°. @BelarusMFA"
2022-11-18 18:05:32+00:00,248,Twitter for Android,"Les tensions demeurent Ã  la frontiÃ¨re avec lâ€™AzerbaÃ¯djan, qui continue Ã  profÃ©rer des menaces Ã  lâ€™encontre des populations du #HautKarabakh, et Ã  afficher des prÃ©tentions territoriales infondÃ©es contre lâ€™#ArmÃ©nie. https://t.co/e73mwqkpTD https://t.co/Dty3AFAa5r"
2022-11-14 06:45:04+00:00,932,Twitter for Android,I express my sincere condolences to the families of victims of the deadly explosion in #Istanbul and wish a speedy recovery to the injured. @MevlutCavusoglu
2022-11-11 18:50:27+00:00,286,Twitter for Android,Heureux de mâ€™entretenir avec mon homologue ğŸ‡«ğŸ‡· @MinColonna. Je la remercie de la position claire de la #France face Ã  l'agression azÃ©rie contre le territoire souverain de l'#ArmÃ©nie et des efforts dÃ©ployÃ©s en faveur du rÃ¨glement juste et pacifique du conflit du #HautKarabagh. https://t.co/7BdaiwPzIs
2022-10-30 16:16:23+00:00,4698,Twitter for Android,"We are deeply saddened by the news of the tragedy in #Morbi, Gujarat. Our sincere condolences and sympathies to the brotherly people and government of #India. 
Our thoughts and prayers are with the victims' families and we wish a speedy recovery to the injured. @DrSJaishankar"
2022-10-26 06:44:54+00:00,161,Twitter for iPhone,"I express gratitude to those praying w/us in front of icon of #VirginMary for Peace in #Armenia.Â We greatly appreciate Holy Father's blessings for strengthening our rels, &amp; gestures of solidarity of @Pontifex extended to us amid aggressions agnst my nation.https://t.co/LCG3BV1fzt"
2022-10-21 14:22:57+00:00,357,Twitter Web App,"Today w/my dear colleague FM @Amirabdolahian of #IranğŸ‡®ğŸ‡· attended opening of Consulate General of Iran in #Kapan (#Syunik region,#ArmeniağŸ‡¦ğŸ‡²). This landmark occasion indicates warm rels btwn two friendly &amp; neighboring states,&amp; is unique milestone for ensuring peace &amp; sec in region. https://t.co/l3LKwOvsoY"
2022-10-18 16:39:52+00:00,215,Twitter for Android,"Delighted to welcome you, dear colleague @AHuitfeldtğŸ‡³ğŸ‡´. Your presence in #Yerevan, especially in the current period of numerous challenges, is a definite demonstration of #Norway's solidarity with the #Armeniaâ€™nğŸ‡¦ğŸ‡² people. https://t.co/A105mNxNn7"
2022-10-15 18:54:39+00:00,1648,Twitter for iPhone,"Sincere condolences to all who lost loved ones during the coal mine accident in #Bartin. Speedy recovery to the injured.

@MFATurkiye @MevlutCavusoglu"
2022-10-04 17:12:30+00:00,178,Twitter Web App,"Welcomed @iaeaorg Director General @rafaelmgrossi in #Yerevan. #Armenia, as a country operating a nuclear power plant, values â€‹â€‹the development of effective cooperation established with the #IAEA aimed at the peaceful, safe and secure use of nuclear energy. https://t.co/jVUjJ4vTvV"
2022-10-02 10:44:47+00:00,1196,Twitter Web App,"#Armenia demands clear assessment of appalling #warcrimes committed by #Azerbaijan  &amp; will consistently voice issue in relevant intl platforms &amp; courts &amp; bring to justice perpetrators &amp; organizers of above-mentioned crimes, including by application of intl sanctions. https://t.co/j4lovRMmLd"
2022-10-01 14:43:46+00:00,249,Twitter for iPhone,"My sincere congratulations, dear @IKasoulides upon #IndependenceDay of Cyprus.  #Armenia ğŸ‡¦ğŸ‡² &amp; #Cyprus ğŸ‡¨ğŸ‡¾ always support each other on bilat &amp; multilat platforms. I am convinced that through our joint efforts we can build peace &amp; security in our regions. https://t.co/Vs6X75Q7ZW"
2022-09-28 20:37:51+00:00,559,Twitter Web App,"We urge intl community to undertake effective steps &amp;  implement relevant mechanisms in order to suppress mil-polit leadership of #Azerbaijan for strict observance of ceasefire regime, withdrawal from sovereign territory of #Armenia &amp; prevention of new aggressions. https://t.co/jUObk0ImTZ"
2022-09-27 17:04:32+00:00,485,Twitter for iPhone,"Glad to welcome you, my dear friend @NikosDendias ğŸ‡¬ğŸ‡·.Your visit to #Armenia during 44-day war in 2020, &amp; your presence in #Yerevan today, are the demonstration of solidarity &amp; support from #Greece we greatly appreciate. https://t.co/YWDgQllgFN"
2022-09-27 16:24:33+00:00,55,Twitter for iPhone,"Realities resulting from use of force &amp; mass violations of #HumanRights, &amp; continuous mil aggressions carried out by #Azerbaijan agnst #Armenia &amp; #Artsakh in post-war period undermine efforts twrds establishing regional stability &amp; security. https://t.co/klFgOkyltJ"
2022-09-25 17:07:38+00:00,86,Twitter for Android,"During #UNGA77, had short meetingsğŸ¤ with colleagues @abdulla_shahid ğŸ‡²ğŸ‡», @SecManaloğŸ‡µğŸ‡­ &amp; @joaocravinhoğŸ‡µğŸ‡¹.

Discussed further development of bilateral relations. https://t.co/XI7CbW8vR0"
2022-09-25 12:35:14+00:00,419,Twitter for Android,"#UNGA :Met w/ good friend and colleague, FM of #India @DrSJaishankar, discussed development of ğŸ‡¦ğŸ‡²-ğŸ‡®ğŸ‡³ rels, highly appreciated positions expressed by Indian side on issues related to #Armenia on intl platformsâ¤µï¸https://t.co/gLrasOpIJT https://t.co/KaiG2jut9p"
2022-09-24 15:11:47+00:00,330,Twitter for Android,#NewYork| Had a pleasure to take part in the India@75 event. #UNGA #UNGA77 https://t.co/vE9lVfJbdi
2022-09-23 01:11:53+00:00,226,Twitter for iPhone,"#UNGA77: Intentional destruction of cultural heritage by #Azerbaijan is challenge not only to #Armenia but mankind. We highly value @UNESCOâ€™s proposition to dispatch independent expert mission to #NagornoKarabakh, which is still being blocked by Azerbaijan.https://t.co/YnnEQX1Cob"
2022-09-21 14:54:16+00:00,49,Twitter for iPhone,"#UNGA77: Held productive meeting w/FM of #Japan ğŸ‡¯ğŸ‡µ Yoshimasa Hayashi. #Japan is important partner for #Armenia. I emphasized importance of more efficient use of great potential in sphere of trade &amp; economic bilat rels, as well as promotion of investments.
https://t.co/nZ9IZH0eAb"
2022-09-21 14:30:36+00:00,62,Twitter Web App,#UNGA77: Delighted to meet my friend colleague @a_schallenberg of #Austria ğŸ‡¦ğŸ‡¹. Discussed prospects of enriching bilat agenda &amp; deepening polit dialogue. I also emphasized pressure by intl community on #Azerbaijan for preventing new mil aggressions &amp; maintain ceasefire regime. https://t.co/sEtNw55iYg
2022-09-21 14:21:46+00:00,428,Twitter for Android,"Thank you for the warm wishes, dear friend and colleague @DrSJaishankar.

We attach strategic importance to the #ArmeniağŸ‡¦ğŸ‡² - #IndiağŸ‡®ğŸ‡³ relations."
2022-09-21 11:47:13+00:00,138,Twitter Web App,"Participated in ""#Democracy delivers"" event organized by @USAID w/in #UNGA  77th session. Democratic values &amp; principles cannot be compromised for #Armenia &amp; I urge intl community to support Armenian democracy,including thrgh condemnation &amp; prevention of aggression agnst Armenia. https://t.co/yTE4OtYtu2"
2022-09-21 05:08:47+00:00,195,Twitter for Android,"Following up on yesterday's meeting with the @OSCE Minsk Group Co-Chair of #US, Senior Advisor for Caucasus Negotiations Philip #Reeker. https://t.co/8eLeG5K6Dj"
2022-09-16 13:21:52+00:00,122,Twitter Web App,"#Azerbaijan'i leadership thesis, stating that #NagornoKarabakh &amp; #NKconflict do not exist, received equivalent opposite reaction. I express words of gratitude to those countries that bravely stopped to equate aggressor &amp; target of aggression.
https://t.co/v9FcYc1Le2"
2022-09-16 13:21:52+00:00,366,Twitter Web App,"Yesterday special discussion was held at @UN Security Council. There's clear perception among intl community that this is aggression, invasion into territory of #Armenia, &amp; invader must return to starting positions."
2022-09-14 16:06:42+00:00,227,Twitter Web App,"#Azerbaijan attempts to achieve its aspirations by use of force. We expect Azerbaijan to immediately undertake following actions;

Complete cessation of hostilities.

Return of Azerbaijan's forces to their original positions.

Release of #Armenia'n PoWs.
https://t.co/ZJJEvyfGMt"
2022-09-09 13:17:57+00:00,82,Twitter for Android,"Deeply saddened by the news of passing of Her #Majesty #QueenElizabeth II. In her 70-year-long remarkable reign, she became a unique symbol for the #UK &amp; #Commonwealth. Her legacy will forever remain an important part of world history."
2022-08-31 08:26:51+00:00,233,Twitter for Android,"Warmest congratulations to a good friend &amp; colleague @DrSJaishankar &amp; the Government &amp; people of #India on the 30th anniversary of our diplomatic relations.  

Very much value ğŸ‡¦ğŸ‡²ğŸ‡®ğŸ‡³ strong relations &amp; historic friendship &amp; committed to enhancing cooperation in all areas. https://t.co/WqvsEA0AU7"
2022-08-04 15:46:19+00:00,144,Twitter for Android,"Azerbaijani side officially &amp; openly assumed responsibility for aggression, evidenced by statements of MoD &amp; MFA of #Azerbaijan, as well as violations recorded by #Russian peacekeeping forces deployed in #NagornoKarabakh https://t.co/yOPb0sVIze"
2022-07-27 21:31:57+00:00,53,Twitter for iPhone,"My visit to #Czechia indicates our reciprocal willingness to further promote bilat polit dialogue &amp; coop w/in #European dimension, amid Czech side assuming #CZPRES. Friendship of #ArmeniağŸ‡¦ğŸ‡² &amp; #Czechia ğŸ‡¨ğŸ‡¿ is anchored in common values of democracy, human rights &amp; rule of law. https://t.co/KiRwumhnus"
2022-07-07 18:05:53+00:00,82,Twitter for Android,"Paid productive working visit to #Spain, the first bilateral visit in 30 years of our relations. Thank you @jmalbares for warm welcome and fruitful discussions. Also had important meeting w/ President of @Congreso_Es @meritxell_batet. https://t.co/ZMHD8Dq5eQ"
2022-06-29 15:59:54+00:00,594,Twitter for Android,We strongly welcome #Canada'sğŸ‡¨ğŸ‡¦ decision to open Embassy in #ArmeniağŸ‡¦ğŸ‡² with resident Ambassador. This is yet another milestone in progressively developing Armenian-Canadian relations which will further reinforce our bilateral #cooperation based on common values. https://t.co/Trff34HDZ5
2022-06-28 14:09:12+00:00,75,Twitter for iPhone,"As always a very productive talk w/my good friend &amp; colleague @melaniejoly on rels btw #Armenia &amp; #Canada based on common democratic values, as well as on issues of regional sec. We emphasized role of @OSCE MGCC in process of peaceful settlement of #NagornoKarabakh conflict. https://t.co/x22oS3i6vy"
2022-06-28 10:28:01+00:00,220,Twitter Web App,"Thanks to brotherly #GreeceğŸ‡¬ğŸ‡· &amp; my friend @NikosDendias personally for warm welcome &amp; hospitality. Had very productive discussions also w/@PresidencyGR, PM @kmitsotakis and at @GreeceMFA. Strong partnership with Greece has a strategic importance for #Armenia. https://t.co/QQ3H62oIin"
2022-06-17 16:13:55+00:00,66,Twitter for Android,Productive phone call w/FM @WBHoekstra. Discussed implementation of agreements btw PMs @NikolPashinyan &amp; @MinPres. Grateful to NL for efforts to release Armenian PoWs &amp; peaceful resolution of #NagornoKarabakh conflict. Highly appreciate #Dutch support for #Armenia's reform agenda https://t.co/Ak4JXwmKqT
2022-06-17 12:43:26+00:00,43,Twitter Web App,"Welcomed my colleague, SG of @coe @MarijaPBuric in #Yerevan. We had productive discussions on our #Armenia-#CoE coop for strengthening democratic institutions, human rights  &amp; rule of law in Armenia.I  reiterated that path of democratic development is irreversible in our country. https://t.co/Znx4UoEAHU"
2022-06-15 13:30:06+00:00,47,Twitter Web App,"Delighted to be in #Sofia on official visit &amp; meet w/@PresidentOfBg Rumen Radev, Speaker of NA Nikola Minchev &amp; my counterpart @TGenchovskaMFA. Historical ties, mutual sympathy &amp; trust of our peoples serve as solid foundation for promotion of coop btw #Armenia ğŸ‡¦ğŸ‡² &amp; #Bulgaria ğŸ‡§ğŸ‡¬. https://t.co/62s8UzkCF9"
2022-06-10 12:26:20+00:00,20,Twitter Web App,"#ĞÑ€Ğ¼ĞµĞ½Ğ¸Ñ Ğ¾ÑÑ‚Ğ°Ñ‘Ñ‚ÑÑ Ğ¿Ñ€Ğ¸Ğ²ĞµÑ€Ğ¶ĞµĞ½Ğ½Ğ¾Ğ¹ Ğ°ĞºÑ‚Ğ¸Ğ²Ğ½Ğ¾Ğ¼Ñƒ Ğ¸ Ğ¸Ğ½Ğ¸Ñ†Ğ¸Ğ°Ñ‚Ğ¸Ğ²Ğ½Ğ¾Ğ¼Ñƒ Ğ²Ğ·Ğ°Ğ¸Ğ¼Ğ¾Ğ´ĞµĞ¹ÑÑ‚Ğ²Ğ¸Ñ Ğ² Ñ€Ğ°Ğ¼ĞºĞ°Ñ… #ĞĞ”ĞšĞ‘, Ğ½Ğ°Ñ†ĞµĞ»ĞµĞ½Ğ° Ğ½Ğ° Ğ½Ğ°Ñ€Ğ°Ñ‰Ğ¸Ğ²Ğ°Ğ½Ğ¸Ğµ ÑĞ¾Ñ‚Ñ€ÑƒĞ´Ğ½Ğ¸Ñ‡ĞµÑÑ‚Ğ²Ğ° Ğ¼ĞµĞ¶Ğ´Ñƒ Ğ³Ğ¾ÑÑƒĞ´Ğ°Ñ€ÑÑ‚Ğ²Ğ°Ğ¼Ğ¸-Ñ‡Ğ»ĞµĞ½Ğ°Ğ¼Ğ¸, Ğ½Ğ° Ñ€Ğ°Ğ·Ğ²Ğ¸Ñ‚Ğ¸Ğµ Ğ²Ğ½ĞµÑˆĞ½ĞµĞ¿Ğ¾Ğ»Ğ¸Ñ‚Ğ¸Ñ‡ĞµÑĞºĞ¾Ğ¹ ĞºĞ¾Ğ¾Ñ€Ğ´Ğ¸Ğ½Ğ°Ñ†Ğ¸Ğ¸ Ğ² Ñ€Ğ°Ğ¼ĞºĞ°Ñ… ĞÑ€Ğ³Ğ°Ğ½Ğ¸Ğ·Ğ°Ñ†Ğ¸Ğ¸, Ğ° Ñ‚Ğ°ĞºĞ¶Ğµ Ğ°ĞºÑ‚Ğ¸Ğ²Ğ¸Ğ·Ğ°Ñ†Ğ¸Ñ Ñ€Ğ¾Ğ»Ğ¸ @CSTO_ODKB Ğ½Ğ° Ğ¼ĞµĞ¶Ğ´ÑƒĞ½Ğ°Ñ€Ğ¾Ğ´Ğ½Ğ¾Ğ¹ Ğ°Ñ€ĞµĞ½Ğµ. https://t.co/YybnX5YppK"
2022-06-09 18:30:30+00:00,42,Twitter for iPhone,"Ğ‘Ñ‹Ğ» Ğ¾Ñ‡ĞµĞ½ÑŒ Ñ€Ğ°Ğ´ Ğ¿Ñ€Ğ¸Ğ½Ğ¸Ğ¼Ğ°Ñ‚ÑŒ Ğ² #Ğ•Ñ€ĞµĞ²Ğ°Ğ½â€™Ğµ Ğ¼Ğ¾ĞµĞ³Ğ¾ Ğ´Ñ€ÑƒĞ³Ğ°,Ğ¡ĞµÑ€Ğ³ĞµÑ #Ğ›Ğ°Ğ²Ñ€Ğ¾Ğ²â€™Ğ°.ĞĞ±ÑÑƒĞ´Ğ¸Ğ»Ğ¸ ÑˆĞ¸Ñ€Ğ¾ĞºÑƒÑ Ğ¿Ğ¾Ğ²ĞµÑÑ‚ĞºÑƒ ğŸ‡¦ğŸ‡²ğŸ‡·ğŸ‡º ÑĞ¾ÑĞ·Ğ½Ğ¸Ñ‡ĞµÑÑ‚Ğ²Ğ°,Ğ²Ğ¾Ğ¿Ñ€Ğ¾ÑÑ‹ Ñ€ĞµĞ³. Ğ¸ Ğ¼ĞµĞ¶Ğ´ÑƒĞ½Ğ°Ñ€Ğ¾Ğ´. Ğ±ĞµĞ·Ğ¾Ğ¿Ğ°ÑĞ½Ğ¾ÑÑ‚Ğ¸.Ğ’Ñ‹ÑĞ¾ĞºĞ¾ Ğ¾Ñ†ĞµĞ½Ğ¸Ğ» ÑƒÑĞ¸Ğ»Ğ¸Ñ #Ğ Ğ¾ÑÑĞ¸Ğ¸ Ğ¿Ğ¾ Ğ¼Ğ¸Ñ€Ğ½Ğ¾Ğ¼Ñƒ ÑƒÑ€ĞµĞ³ÑƒĞ»Ğ¸Ñ€Ğ¾Ğ²Ğ°Ğ½Ğ¸Ñ Ğ½Ğ°Ğ³Ğ¾Ñ€Ğ½Ğ¾-#ĞºĞ°Ñ€Ğ°Ğ±Ğ°Ñ…â€™ÑĞºĞ¾Ğ³Ğ¾ ĞºĞ¾Ğ½Ñ„Ğ»Ğ¸ĞºÑ‚Ğ°,Ñ‚Ğ°ĞºĞ¶Ğµ Ğ² Ñ€Ğ°Ğ¼ĞºĞ°Ñ… ÑĞ¾Ğ¿Ñ€ĞµĞ´ÑĞµĞ´Ğ°Ñ‚ĞµĞ»ÑŒÑÑ‚Ğ²Ğ° ĞœĞ“ #ĞĞ‘Ğ¡Ğ•. https://t.co/gQnjq3cNCe"
2022-06-03 15:54:36+00:00,84,Twitter for Android,#ArmeniağŸ‡¦ğŸ‡² welcomes #Canada'sğŸ‡¨ğŸ‡¦ Special Envoy @AmbStephaneDion's report. We believe it creates an excellent opportunity to deepen ourÂ  relations based on common #democratic values.
2022-05-21 18:17:37+00:00,72,Twitter for Android,"Je remercie le Ministre @JY_LeDrian de son amitiÃ©, de lâ€™Ã©troite coopÃ©ration pour renforcer les relations bilatÃ©rales ğŸ‡«ğŸ‡·ğŸ‡¦ğŸ‡² et de ses efforts destinÃ©s Ã  parvenir Ã  un rÃ¨glement juste du conflit du #HautKarabagh, au sein de la coprÃ©sidence du groupe de Minsk de lâ€™OSCE. @francediplo"
2022-05-20 16:31:21+00:00,82,Twitter for Android,Mes trÃ¨s cordiales fÃ©licitations Ã  Catherine Colonna Ã  lâ€™occasion de sa nomination en qualitÃ© de Ministre @francediplo et mes meilleurs vÅ“ux dans sa haute mission au service du rayonnement de la ğŸ‡«ğŸ‡·. Je me rÃ©jouis de travailler avec elle pour renforcer lâ€™amitiÃ© ğŸ‡«ğŸ‡·ğŸ‡¦ğŸ‡². @AmbColonna
2022-05-20 13:10:59+00:00,21,Twitter for iPhone,#CoEPresIT:  @armgov has reiterated on numerous occasions its readiness to immediately start genuine &amp; constructive negotiations on normalization of rels w/#Azerbaijan &amp; @OSCE MGCC has key role in advancing &amp; peace process. https://t.co/jgJ7Poobe5
2022-05-02 18:22:10+00:00,419,Twitter for Android,"Very productive meeting with @SecBlinken. Happy to be back in Washington &amp; reaffirm our strong partnership with the US. During last 3 decades #Armenia &amp; #USA have developed fruitful cooperation anchored on common values of #democracy, respect for #HumanRights, &amp; rule of law. https://t.co/gg3R6Aneae"
2022-04-25 13:26:27+00:00,443,Twitter for iPhone,"Was privileged to visit #India ğŸ‡®ğŸ‡³ and meet my dearest colleague @DrSJaishankar. We had productive discussion on further promotion of trade &amp; economic coop, collaboration in fields of IT, culture &amp; tourism. Strengthening relations w/India is priority of #Armenia's foreign policy. https://t.co/tGdLjRpBsS"
2022-04-24 06:13:10+00:00,380,Twitter for iPhone,"We bow in memory of Holy Martyrs of #Genocide1915 &amp; stress that agenda of intl recognition of #ArmenianGenocide serves to strengthening system of sec guarantees in reg, suppressing aspirations for new ethnic cleansing, preventing recurrence of such crimes agnst humanity in world. https://t.co/AXJOYimktx"
2022-04-01 14:29:45+00:00,93,Twitter Web App,Hosted FM of #Poland ğŸ‡µğŸ‡± @RauZbigniew in #Armenia ğŸ‡¦ğŸ‡² in his capacity as @OSCE  CiO. We had substantive discussions on process of peaceful settlement of #NagornoKarabakh conflict. I presented situation resulting from incursion of #Azerbaijan into village of #Parukh in NK. https://t.co/RisTAVkpf7
2022-03-01 07:46:18+00:00,82,Twitter for iPhone,"Today this special event marks 30th anniv of #Armeniaâ€™s accession to @UN. I feel privileged to inaugurate this exhibition together w/@UN_Valovaya, DG of @UNGeneva. Armenia has been &amp; remains adherent to purposes &amp; principles of #UN Charter. https://t.co/J0OiZuvBxK"
2022-02-19 18:23:02+00:00,119,Twitter for iPhone,"Delighted to meet w/my counterpart of CanadağŸ‡¨ğŸ‡¦ @melaniejoly w/in #MSC2022. We commended the effective coop btw #Armenia &amp; #Canada based on mutual respect &amp; common values â€‹â€‹of #Democracy, rule of law, #HumanRights. We discussed number of important issues on intl &amp; regional agenda. https://t.co/EO8pnXUput"
2022-02-03 12:59:22+00:00,67,Twitter for iPhone,"Had pleasure to host my good friend @a_schallenberg of #Austria ğŸ‡¦ğŸ‡¹ in #Armenia ğŸ‡¦ğŸ‡². Intensive discussions on our bilat relations, especially expansion of economic coop. The establishment of @AustrianDev Coordination Office &amp; business forum opens new page in history of our rels. https://t.co/5sRXi5aTKS"
2022-02-02 16:13:32+00:00,88,Twitter for iPhone,"Delighted to participate in official opening of Austrian Development Coordination Office in #Yerevan, w/my good friend @a_schallenberg. Today is a special day as in year of #ARMAUT30 of establishment of dip rels, we open new page in history of #Armenia ğŸ‡¦ğŸ‡²-#Austria ğŸ‡¦ğŸ‡¹ bilat rels. https://t.co/g8MCKPK9sx"
2022-01-26 17:04:50+00:00,109,Twitter Web App,"Had a walking tour w/Prime Minister of Luxembourg @Xavier_Bettel with fruitful discussion on relations between #Armenia ğŸ‡¦ğŸ‡² &amp; #Luxembourg ğŸ‡±ğŸ‡º. Thank You for hospitality!

ğŸ“¸: SIP / Julien Warnand https://t.co/Q9W4eb3DwA"
2022-01-26 14:21:22+00:00,59,Twitter Web App,"Delighted to meet my friend Fernand Etgen,President of @ChambreLux, &amp; members of Chamber.We exchanged view on further promotion of democratic values, protection of #HumanRights &amp; rule of law in #Armenia &amp; #Luxembourg, &amp; further expansion of partnership w/#EU w/in #CEPA. https://t.co/G2fvdfW0r1"
2022-01-25 16:56:01+00:00,162,Twitter for iPhone,"Today I locked a personalized padlock on the â€œE Schlass fir #Schengen'' Sculpture, symbolizing the idea of open borders. I am convinced that the open borders between #Armenia ğŸ‡¦ğŸ‡² &amp; #EU ğŸ‡ªğŸ‡º will further develop our partnership and promote people-to-people contacts. https://t.co/Arvh53hAJ2"
2022-01-20 13:57:11+00:00,76,Twitter Web App,"#OTD we celebrate 30th anniv of establishment of dip rels btw #Armenia ğŸ‡¦ğŸ‡² &amp; #UnitedKingdom ğŸ‡¬ğŸ‡§.We value our close friendship &amp; coop anchored on common values of democracy, #humanrights, &amp; rule of law. Looking forward to strengthening our partnership in all areas of mutual interest https://t.co/fpaV2XujBi"
2022-01-13 10:13:14+00:00,46,Twitter for Android,"Congratulations to @WBHoekstra on the appointment as the Minister of @DutchMFA. I look forward to our close cooperation for the further expansion of friendly relationship between #Armenia and the #Netherlands, based on common values and centuries old history."
2022-01-12 07:52:05+00:00,80,Twitter for Android,My sincere congratulations to good friend of Armenia @IKasoulides on assuming the position of Foreign Minister of #Cyprus. Looking forward to our effective cooperation for the benefit of friendly people of #Armenia ğŸ‡¦ğŸ‡² &amp; CyprusğŸ‡¨ğŸ‡¾.
2022-01-11 12:56:57+00:00,28,Twitter for iPhone,"Learnt with sorrow about the untimely passing of David Sassoli, President of @Europarl_EN, who has put his utmost efforts in preserving and consolidating the #European values. My thoughts are with his family and the ones who had the pleasure to work with him. https://t.co/2BK2R82jJ8"
2022-01-10 16:31:21+00:00,102,Twitter for iPhone,Held a productive discussion w/FM of #PolandğŸ‡µğŸ‡± @RauZbigniew. Congratulated on #OSCE2022POL &amp; emphasized further coop for security &amp; stability in @OSCE area. Discussed the situation in #Kazakhstan. Issues on peaceful resolution of #NagornoKarabakh conflict were also touched upon. https://t.co/okzCOpxVK7
2022-01-06 10:00:55+00:00,63,Twitter for iPhone,"#MerryChristmas to all #Armenia'ns around the world!

May God's blessing bring happiness &amp; prosperity to your families &amp; your hearts be filled with the magic of this joyful Holiday. https://t.co/gduOzXLIsz"
2021-12-31 14:49:55+00:00,104,Twitter for iPhone,"Happy #NewYear &amp; #MerryChristmas ğŸ„!
 
May 2022 be the year of peace, prosperity and the brightest future for #Armenia, #Artsakh and the Armenian people. https://t.co/Sydwxxu4yV"
2021-12-11 18:31:51+00:00,78,Twitter for iPhone,"Ã€ lâ€™occasion de lâ€™inauguration de lâ€™Esplanade dâ€™#ArmÃ©nie Ã  #Paris, je nâ€™ai quâ€™un seul souhait: de la paix &amp; de la prospÃ©ritÃ© pour les peuples armÃ©nien et franÃ§ais, &amp; une longue vie Ã  lâ€™amitiÃ© indÃ©fectible entre la #France &amp; lâ€™ArmÃ©nie.

@Anne_Hidalgo
https://t.co/DkrrR8foSj"
2021-12-06 15:00:22+00:00,120,Twitter Web App,"On December 5th, Armenian nation lost one of its most valued friends in #UnitedStates. Not only has @SenatorDole immensely contributed to #Armenia-#US rels, but also valiantly championed our peopleâ€™s cause for justice. Together w/his family &amp; friends we honor memory of Bob Dole. https://t.co/hWytkvDUQj"
2021-12-02 17:52:57+00:00,87,Twitter for iPhone,#OSCEMC2021: #Armenia is willing to achieve lasting stability in #SouthCaucasus &amp; is ready for negotiations in that regardâ€¤ We will further contribute to resumption of full-fledged #NagornoKarabakh peace process w/in @OSCE MGCC in close coop w/#OSCE Minsk Group Co-Chair states. https://t.co/7u6ABvV3vX
2021-12-02 13:59:39+00:00,177,Twitter Web App,"#OSCEMC2021Ö‰ Held a productive meeting w/#US State @SecBlinken. During the meeting, the importance of full-fledged resumption of #NagornoKarabakh conflict resolution process w/in mandate of @OSCE MGCC was underlined. https://t.co/yq7GqhxCyM"
2021-11-15 18:59:51+00:00,243,Twitter for iPhone,"Claims of official #Baku that #NagornoKarabakh conflict does not exist any more do not correspond to reality as very root issue is not addressed.We call our intl partners,interested in comprehensive settlement of conflict to express their support to peace process w/in @OSCE MGCC."
2021-11-15 18:35:09+00:00,115,Twitter for iPhone,"In order to support us to reach stability in #SouthCaucasus,there is no other way than communicating to us your vision of #HumanRights &amp; use of force in our region w/out double standards #Armenia stands ready to be genuine partner w/#EuropeanUnion in this regard.

#EaPMinisterial https://t.co/JwWtTvxoiL"
2021-11-10 20:34:50+00:00,94,Twitter Web App,Content d'avoir rencontrÃ© mon cher ami @JY_LeDrian. Nous avons exprimÃ© notre contentement pour les relations armÃ©no-#franÃ§aises privilÃ©giÃ©es et l'amitiÃ© solide entre nos peuples &amp; discutÃ© plusieurs questions relatives au conflit du #HautKarabakh. https://t.co/OPl8eGH31r
2021-11-09 14:25:07+00:00,139,Twitter Web App,"We bow before those who sacrificed their lives for right of our ppl to live &amp; build their future,preventing aggressors' attempt to annihilate #Armenians from #Artsakh.Realities resulted from use of force by #Azerbaijan cannot create basis for #NagornoKarabakh conflict settlement."
2021-10-25 10:17:20+00:00,658,Twitter Web App,We extend our congratulations to #India  on its consistent efforts in fight against #COVID19 &amp; impressive implementation of #vaccination process of 1 billion doses. We are in full solidarity w/friendly people of India in this important stage of fight against the pandemic. https://t.co/59flqaFSZp
2021-10-13 16:30:13+00:00,161,Twitter for iPhone,Delighted to meet my counterpart @DrSJaishankar of #India ğŸ‡®ğŸ‡³. Our centuries-old rels &amp; mutually beneficial coop have promising potential to be raised to qualitatively new level. We agreed on deepening coop in trade&amp;economic sphere &amp; other fields of mutual interest. https://t.co/4hBwVQympQ
2021-10-01 16:19:06+00:00,67,Twitter for iPhone,"Welcomed my #Czech counterpart @JakubKulhanek in #Yerevan.We emphasized promotion of our rels in all areas of mutual interest, #Armenia-#EU partnership, trade&amp;economic coop. In this regard holding of business forum was good opportunity. We also discussed regional security issues. https://t.co/j9mIwUabZB"
2021-09-27 15:48:04+00:00,143,Twitter for iPhone,"We bow &amp; pay tribute to memory of our heroes of all #Artsakh wars &amp; will make every effort to reach a just, comprehensive &amp; lasting settlement of #NagornoKarabakh conflict, guarantee right of #Armenia'ns of Artsakh to free &amp; safe life w/dignity in their homeland. https://t.co/3wC4rIdFfn"
2021-09-26 12:53:09+00:00,87,Twitter Web App,#UNGA :Delighted to meet w/@UN SG @antonioguterres. I Emphasized unconditional repatriation of #Armenian #POWs &amp; need for unimpeded entry of #UN humanitarian bodies into #Artsakh. We stressed importance of preserving cultural and religious heritage in conflict zone. https://t.co/Ce7rsHBa44
2021-09-26 12:14:50+00:00,44,Twitter Web App,W/@Sophie_Wilmes of #Belgium ğŸ‡§ğŸ‡ª discussed expanding of coop in areas of mutual interest at #UNGA . Emphasized peaceful settlement of #NagornoKarabakh conflict w/in @OSCE  MGCC. #Armenia also highly appreciates resolutions adopted by Belgian Senate &amp; House of Reps on NK conflict. https://t.co/CjN9owTeIE
2021-09-25 16:51:06+00:00,60,Twitter Web App,#UNGA :Delighted to meet @AnnLinde of #Sweden ğŸ‡¸ğŸ‡ª. I emphasized that lasting &amp; sustainable peace in region can be achieved thrgh comprehensive settlement of #NagornoKarabakh conflict w/@OSCE MGCC.We stressed importance of undertaking clear steps to de-escalate situation in region. https://t.co/s2sJc2YLXo
2021-09-25 14:52:18+00:00,47,Twitter Web App,"#UNGA:In meeting w/@PMaurerICRC, presented consequences of #Azerbaijani aggression against #Artsakh. I commended activities of @ICRC in #Armenia &amp; Artsakh. No artificial obstacles should be created in Artsakh for implementing humanitarian mission by intl organizations. https://t.co/pJTXHFuT8e"
2021-09-25 12:45:26+00:00,50,Twitter Web App,"#UNGA: W/Minister @Amirabdolahian discussed challenges of transit from #Iran to #Armenia. I briefed on Goris-Kapan road sector, process of construction of alternative road, &amp; works on â€œ#NorthSouthâ€ highway. We discussed deepening of coop in sphere of energy. https://t.co/JwaQF0WT79"
2021-09-24 10:29:35+00:00,38,Twitter Web App,Held productive discussion w/FM of #Jordan @AymanHsafadi on issues of further deepening Armenian-Jordanian multidimensional rels &amp; developments in #MiddleEast  &amp; #SouthCaucasus. Stressed need for the resumption of #NagornoKarabakh peace process w/in @OSCE MGCC. https://t.co/P1hPvK1Z4o
2021-09-24 07:55:02+00:00,59,Twitter Web App,"Delighted to meet @Christodulides of #Cyprus w/in #UNGA . We had fruitful discussion on further deepening coop in bilat, trilat &amp; multilat formats. #Armenia highly appreciates principled position of brotherly Cyprus on #Azerbaijani-#Turkish aggression unleashed against #Artsakh. https://t.co/dwK78CsdBn"
2021-09-23 20:07:12+00:00,103,Twitter Web App,"#UNGA :One of main objectives of Multilateral Alliance is â€œto protect, preserve &amp; advance intl lawâ€ we call on all members not only to increase pressure on #Azerbaijan, in order to ensure rights of #Artsakh people &amp; release of Arm #POWs, but also to support efforts of @OSCE MGCC."
2021-09-23 19:38:18+00:00,44,Twitter Web App,"W/in #UNGA , met w/Pekka #Haavisto of #Finland.We expressed readiness to further develop coop thrgh joint efforts. I stressed that to establish regional sec, it is important to maintain ceasefire regime, repatriate Arm #POWs &amp; renunciation of #Armenophobic &amp; warmongering rhetoric https://t.co/qWYVA66ZnV"
2021-09-23 16:33:26+00:00,63,Twitter Web App,"Delighted to meet @coe SG @MarijaPBuric.#CoE remains our important partner in process of #democratic reforms in #Armenia.I highlighted issues of repatriation of Arm #POWs held in #Azerbaijan &amp; unimpeded access of intl organizations to #Artsakh, particularly CoE's relevant bodies. https://t.co/Z2MigrML5M"
2021-09-23 10:02:10+00:00,51,Twitter for iPhone,Entretien productif avec @JY_LeDrian durant lequel nous avons Ã©voquÃ© l'agenda des relations privilÃ©giÃ©es ğŸ‡¦ğŸ‡²ğŸ‡«ğŸ‡· et insistÃ© sur la nÃ©cessitÃ© de la poursuite des nÃ©gociations sous l'Ã©gide des Co-PrÃ©sidents du GM @OSCE en vue dâ€™un rÃ¨glement politique du conflit du #HautKarabakh. https://t.co/8mkGtBdLJH
2021-09-23 06:49:00+00:00,103,Twitter Web App,#UNGA: Pleasure to meet FM of #GreeceğŸ‡¬ğŸ‡· @NikosDendias. We discussed mutually beneficial coop in bilat &amp; multilat formats. Presented situation resulting from #Azerbaijani-#Turkish aggression against #Artsakh. Emphasized resumption of #NagornoKarabakh peace process w/in @OSCE MGCC. https://t.co/N9oGuHttzp
2021-09-23 06:06:58+00:00,64,Twitter for iPhone,#UNGA: Delighted to meet FM of #SerbiağŸ‡·ğŸ‡¸ Nikola SelakoviÄ‡. We discussed promotion of economic &amp; #EAEU-Serbia coop. I stressed urgency of repatriation of #Armeniaâ€™n #POWs held in #Azerbaijan. Need for resumption of #NagornoKarabakh peace process w/@OSCE MGCC was also emphasized. https://t.co/huSQlDxgCf
2021-09-22 20:59:15+00:00,23,Twitter Web App,"#UNGA :W/my counterpart from #SloveniağŸ‡¸ğŸ‡® @AnzeLog emphasized fulfillment of existing potential in bilat rels. I also expressed my confidence that sustainable &amp; lasting peace in region can be achieved only thrgh comprehensive settlement of #Nagornoarabakh conflict, w/in @OSCE MGCC https://t.co/m22Z99zf3C"
2021-09-22 18:44:40+00:00,58,Twitter Web App,#UNGA :Had fruitful talk w/FM of #AustriağŸ‡¦ğŸ‡¹ on bilat rels &amp; utilization of potential in economic coop.#Armenia appreciates Austria's position on #NagornoKarabakh peace process w/in @OSCE MGCC.Comprehensive settlement should be based on guarantees of sec &amp; freedom of #Artsakh ppl. https://t.co/8nqvt09asw
2021-09-22 17:10:35+00:00,63,Twitter Web App,"W/in #UNGA , held productive meeting w/my counterpart from #PolandğŸ‡µğŸ‡± @RauZbigniew. The importance of resuming #NagornoKarabakh peace process w/in @OSCE MGCC was stressed. #Armenia also emphasizes our cooperation in the context Poland's forthcoming #OSCE Chairmanship. https://t.co/vl8jj2pJDm"
2021-09-22 16:28:32+00:00,43,Twitter Web App,"Delighted to meet my counterpart of #Lithuania ğŸ‡±ğŸ‡¹ @GLandsbergis. We reiterated our readiness to deepen existing bilat rels &amp; exchanged views on #Armenia-#EU partnership. Regarding regional security issues, I emphasized resumption of #NagornoKarabakh peace process w/in @OSCE MGCC. https://t.co/rFTi4pDqDY"
2021-09-11 10:23:19+00:00,89,Twitter Web App,"On 20th anniversary of 9/11, we stand in solidarity w/friendly people of #USA in commemorating innocent victims of #terrorist attacks. Last year, Armenians of #Artsakh encountered the horror of #terrorism, &amp; #Armenia will put it utmost efforts in global #FightAgainstTerrorism. https://t.co/IQkYATgIJ8"
2021-09-08 17:46:08+00:00,58,Twitter Web App,Delighted to meet my #Georgia'n counterpart @DZalkaliani. We held a fruitful discussion on broad agenda of coop between our countries. #Armenia emphasizes importance of deepening trade &amp; economic coop w/Georgia. We also touched upon regional peace &amp; security issues. https://t.co/8pxiGcP54H
2021-09-07 21:39:13+00:00,43,Twitter for iPhone,"Held productive discussion w/my counterpart from #Artsakh.We stressed need to resume #NagornoKarabakh peace process w/in @OSCE MGCC,as well as inadmissibility of provocative actions by AF of #Azerbaijan on line of contact w/@Karabakh_MoD &amp; against sovereign territory of #Armenia. https://t.co/QeY8G5FZeJ"
2021-09-02 11:20:48+00:00,192,Twitter Web App,"Heroic fight of #Artsakh people for the sake of their existence &amp; identity is example of patriotism, courage &amp; endurance for all Armenians. #Armenia will consistently defend realization of right of Artsakh people to #selfdetermination, to free &amp; dignified life in their homeland."
2021-08-30 11:03:21+00:00,107,Twitter Web App,"On #EnforcedDisappearanceDay, I would like to thank @Europarl_EN &amp; parliaments of number of countries, heads of states, high-ranking clerics, #humanrights defenders, activists, world-renowned artists, intl organizations who raised issue of #Armenian #POWs held in #Azerbaijan. https://t.co/ghuuxkBJAS"
2021-08-27 20:02:55+00:00,99,Twitter for Android,"Held productive meetings w/Ambs of  #Russia, #US and #France. Touched upon recent provocations by #Azerbaijan &amp; stressed that Azerbaijani side is undermining #Armenia's efforts in de-escalating the situation and establishing peace in the region. https://t.co/M1fil1a4r2"
2021-08-24 15:13:45+00:00,91,Twitter for iPhone,"ğŸ‡¦ğŸ‡²ğŸ‡±ğŸ‡¹ Received with appreciation the congratulations of my Lithuanian colleague @GLandsbergis. We have established effective coop in the past, and surely will continue to promote the partnership between #Armenia-#Lithuania. https://t.co/y3OWRro1UQ"
2021-08-22 19:03:15+00:00,37,Twitter for iPhone,My sincere appreciation to @edgarsrinkevics. I believe that together we can further promote the #Armenian-#Latvian cooperation. ğŸ‡¦ğŸ‡²ğŸ¤ğŸ‡±ğŸ‡»
2021-08-21 12:47:53+00:00,109,Twitter Web App,"Amid the challenges that existed &amp; in fact have not been resolved for decades, as well as the new challenges we encounter, it is very demanding &amp; responsible, but yet honorable mission for me to take the helm of the Ministry of Foreign Affairs of #Armenia (@MFAofArmenia). https://t.co/cCextKn7oe"
2021-08-20 17:57:09+00:00,64,Twitter for iPhone,In phone call w/@DZalkaliani outlined importance of #Armenia-#Georgia coop &amp; consistent dialogue. Expressed gratitude to @GovernmentGeo for mediation efforts in repatriation of Armenian #POWs.Briefed on recent #Azerbaijani provocations &amp; stressed importance of regional stability. https://t.co/1NFBJBLSMJ
2021-08-20 15:47:32+00:00,63,Twitter Web App,"My warmest gratitude to FM of #Sweden @AnnLinde. Surely, we can further develop the effective cooperation established between our countries in bilateral and multilateral dimensions. ğŸ‡¦ğŸ‡²ğŸ¤ğŸ‡¸ğŸ‡ª"
2021-08-20 13:02:00+00:00,32,Twitter Web App,Received congratulations from my counterpart of #Artsakh @davit_babayan. Discussed current situation resulting from #Azerbaijani-#Turkish aggression &amp; efforts to address humanitarian crisis in Artsakh. Need for resuming #NagornoKarabakh peace process w/in @OSCE MGCC was stressed. https://t.co/nPLS35UlTh
2021-04-24 13:24:00+00:00,52,Twitter Web App,I thank the President of the Senate of the Republic of France @gerard_larcher for accepting my invitation to take part in the events of the 106th anniversary remembrance of the Armenian #Genocide and for visiting Armenia with the delegation of large political representation. https://t.co/71eyLcfR36
2021-04-24 09:35:45+00:00,128,Twitter for Android,"Today, the entire Armenian people are commemorating the memory of the Armenian Genocide victims. After 106 years of this heinous crime of humankind's history, it is necessary to record that the fight that the Armenian people have with the united front is fair and justified."
2021-04-20 15:44:05+00:00,46,Twitter Web App,"I want to state that the #NagornoKarabakh conflict remains unsolved, as the right of the people of Nagorno Karabakh to self-determination is not realized. #Euronest https://t.co/SsWHDoqYma"
2021-04-20 14:01:29+00:00,50,Twitter Web App,"Despite many facts proving that Azerbaijani aggression against #Artsakh, directly supported by #Turkey and the latter's affiliated foreign terrorists fighters had a pre-planned manner, #Azerbaijan still cynically blames #Armenia for provoking the war. #Euronest"
2021-04-20 13:40:35+00:00,19,Twitter Web App,"The Agreement elevates the bilateral relations between Armenia and the #EU to a new, higher level. It is an inclusive document, which creates a solid legal basis for the partnership between the two sides, outlines the framework of cooperation in various areas. #Euronest https://t.co/O892F9dH7Q"
2021-02-16 16:59:56+00:00,19,Twitter for Android,"Had a meeting with @morton_wendy today, where I mentioned that none of the global powers can stay indifferent to the issue of the immediate return of #Armenian prisoners of war from #Azerbaijan. https://t.co/Htd6IBeWlY"
2020-12-11 12:54:17+00:00,49,Twitter Web App,"Õ€Õ¡Õ¶Õ¤Õ«ÕºÕ¥ÖÕ« Õ€Õ¡Õ¶Ö€Õ¡ÕºÕ¥Õ¿Õ¸Ö‚Õ©ÕµÕ¡Õ¶ Õ¶Õ¡Õ­Õ¡Õ£Õ¡Õ° Ô±Ö€Õ´Õ¥Õ¶ ÕÕ¡Ö€Õ£Õ½ÕµÕ¡Õ¶Õ«Õ¶Ö‰

Õ”Õ¶Õ¶Õ¡Ö€Õ¯Õ¥ÖÕ«Õ¶Ö„ Õ¶Õ¥Ö€Ö„Õ¡Õ²Õ¡Ö„Õ¡Õ¯Õ¡Õ¶ Ö‡ Õ¡Ö€Õ¿Õ¡Ö„Õ«Õ¶ Ö„Õ¡Õ²Õ¡Ö„Õ¡Õ¯Õ¡Õ¶ Õ«Ö€Õ¡Õ¾Õ«Õ³Õ¡Õ¯Õ¨, Õ¥Ö€Õ¯Ö€Õ« Õ¡Õ¶Õ¾Õ¿Õ¡Õ¶Õ£Õ¡ÕµÕ«Õ¶ Õ´Õ¡Ö€Õ¿Õ¡Õ°Ö€Õ¡Õ¾Õ¥Ö€Õ¶Õ¥Ö€Õ¨ Õ°Õ¡Õ²Õ©Õ¡Õ°Õ¡Ö€Õ¥Õ¬Õ¸Ö‚ Õ°Õ¡Õ´Õ¡Õ¿Õ¥Ö„Õ½Õ¿Õ¸Ö‚Õ´ Õ¯Õ¡Ö€Ö‡Õ¸Ö€Õ¥ÖÕ«Õ¶Ö„ Õ¶Õ¥Ö€Ö„Õ¡Õ²Õ¡Ö„Õ¡Õ¯Õ¡Õ¶ Õ¯Õ¡ÕµÕ¸Ö‚Õ¶Õ¸Ö‚Õ©ÕµÕ¸Ö‚Õ¶Õ¨ Ö‡ Õ¶Õ¥Ö€Ö„Õ¡Õ²Õ¡Ö„Õ¡Õ¯Õ¡Õ¶ Õ£Õ¸Ö€Õ®Õ¨Õ¶Õ©Õ¡ÖÕ¶Õ¥Ö€Õ¸Ö‚Õ´ Õ¢Õ¼Õ¶Õ¸Ö‚Õ©ÕµÕ¡Õ¶ Õ¢Õ¡ÖÕ¡Õ¼Õ¸Ö‚Õ´Õ¨Ö‰ https://t.co/hArNbvvzzm"
2020-12-07 13:03:51+00:00,40,Twitter Web App,Õ€Õ¡Õ¶Õ¤Õ«ÕºÕ¥ÖÕ« Ô±Õ€ Ô±Õ¦Õ£Õ¡ÕµÕ«Õ¶ ÕªÕ¸Õ²Õ¸Õ¾Õ« Õ¶Õ¡Õ­Õ¡Õ£Õ¡Õ° Ô±Ö€Õ©Õ¸Ö‚Ö€ Ô¹Õ¸Õ¾Õ´Õ¡Õ½ÕµÕ¡Õ¶Õ« Õ°Õ¥Õ¿Ö‰ https://t.co/Ntb64MHbpd
2020-12-03 16:10:37+00:00,61,Twitter Web App,"Õ€Õ¡Õ¶Õ¤Õ«ÕºÕ¸Ö‚Õ´Õ¶Õ¥Ö€ Õ¥Õ´ Õ¸Ö‚Õ¶Õ¥ÖÕ¥Õ¬ Õ†.Õ.Õ•.Õ.Õ. Ô³Õ¡Ö€Õ¥Õ£Õ«Õ¶ Ô² Õ¯Õ¡Õ©Õ¸Õ²Õ«Õ¯Õ¸Õ½Õ«, Õ„Õ¡Ö€Õ¤Õ¸Ö‚ Õ«Ö€Õ¡Õ¾Õ¸Ö‚Õ¶Ö„Õ¶Õ¥Ö€Õ« ÕºÕ¡Õ·Õ¿ÕºÕ¡Õ¶ Ô±Ö€Õ´Õ¡Õ¶ Ô¹Õ¡Õ©Õ¸ÕµÕ¡Õ¶Õ« Õ¥Ö‚ ÕÕ¡Õ°Õ´Õ¡Õ¶Õ¡Õ¤Ö€Õ¡Õ¯Õ¡Õ¶ Õ¤Õ¡Õ¿Õ¡Ö€Õ¡Õ¶Õ« Õ¶Õ¡Õ­Õ¡Õ£Õ¡Õ° Ô±Ö€Õ´Õ¡Õ¶ Ô´Õ«Õ¬Õ¡Õ¶ÕµÕ¡Õ¶Õ« Õ°Õ¥Õ¿: https://t.co/VM7IxXf7V0"
2020-11-03 11:49:48+00:00,172,Twitter Web App,"A new weapon fired by the #Azerbaijan|i forces appeared in the territory of #Artsakh, the use of which is prohibited for the #civilian population in accordance with the Geneva and other int #conventions. This weapon is intended for mass destruction and comprehensive arson. https://t.co/fg4zGUCl9I"
2020-11-02 23:30:13+00:00,525,Twitter for Android,"The Int. community should fight against terrorism wherever it is- be it in #Artsakh, #France, #Austria or any other corner of the world. We should be united together to prevent new tragedies. Armenia is doing its part of the job right now against #Turkish-backed terrorists."
2020-10-12 13:35:50+00:00,371,Twitter for Android,The world should understand that we will never let to commit a #genocide against #Armenians any more. We are not going to escape to Deir ez-Zor silently. https://t.co/jXpErWIVfI
2020-10-08 12:19:58+00:00,55,Twitter Web App,"I have just written about this again to the Speakers of the #Parliament-s of a number of European, Arab, Latin American countries, as well as to the heads of inter-#parliamentary organizations, proposing to take IMMEDIATE, CONCRETE and EFFECTIVE measures."
2020-10-08 12:19:28+00:00,209,Twitter Web App,People of #Artsakh have undeniable right to exercise all necessary measures of self-defense protecting themselves from #genocide threat. #International community must acknowledge that the frontline in Nagorno-#Karabakh is becoming a #civilization forefront.
2020-10-04 07:39:10+00:00,1591,Twitter Web App,We stand strong. We will win. Glory to the Armenian army! #ArtsakhStrong #ArmeniaStrong https://t.co/61f0p0ukCY
2020-10-02 14:47:18+00:00,1022,Twitter Web App,Erdoganâ€™s bellicose rhetoric has already transformed into concrete acts of aggression threatening #international #security. Int #community should take immediate measures to stop Turkish expansionism. #StopErdogan #ArtsakhStrong
2020-10-01 14:19:22+00:00,380,Twitter for Android,ĞĞ°Ñ†Ğ¸Ğ¾Ğ½Ğ°Ğ»ÑŒĞ½Ğ¾Ğµ Ğ¡Ğ¾Ğ±Ñ€Ğ°Ğ½Ğ¸Ğµ Ğ ĞµÑĞ¿ÑƒĞ±Ğ»Ğ¸ĞºĞ¸ #ĞÑ€Ğ¼ĞµĞ½Ğ¸Ñ Ğ¸Ğ½Ğ¸Ñ†Ğ¸Ñ€ÑƒĞµÑ‚ Ğ¿Ñ€Ğ¾Ñ†ĞµÑÑ Ğ°Ğ½ÑƒĞ»Ğ¸Ñ€Ğ¾Ğ²Ğ°Ğ½Ğ¸Ñ ÑÑ‚Ğ°Ñ‚ÑƒÑĞ° Ğ½Ğ°Ğ±Ğ»ÑĞ´Ğ°Ñ‚ĞµĞ»Ñ #ĞÑ„Ğ³Ğ°Ğ½Ğ¸ÑÑ‚Ğ°Ğ½-Ğ° Ğ² ĞŸĞ°Ñ€Ğ»Ğ°Ğ¼ĞµĞ½Ñ‚ÑĞºĞ¾Ğ¹ Ğ°ÑÑĞ°Ğ¼Ğ±Ğ»ĞµĞ¸ #ĞĞ”ĞšĞ‘ Ğ² Ğ¾Ñ‚Ğ²ĞµÑ‚ Ğ½Ğ° Ğ·Ğ°ÑĞ²Ğ»ĞµĞ½Ğ¸Ñ ĞÑ„Ğ³Ğ°Ğ½Ğ¸ÑÑ‚Ğ°Ğ½Ğ° Ğ² Ğ¿Ğ¾Ğ´Ğ´ĞµÑ€Ğ¶ĞºĞµ Ñ‚ÑƒÑ€ĞµÑ†ĞºĞ¾-#Ğ°Ğ·ĞµÑ€Ğ±Ğ°Ğ¹Ğ´Ğ¶Ğ°Ğ½-ÑĞºĞ¾Ğ¹ Ğ°Ğ³Ñ€ĞµÑÑĞ¸Ğ¸.
2020-10-01 14:15:46+00:00,614,Twitter for Android,"In response to the statements of #Afghanistan supporting the Turkish-#AzerbaijaniAggression, the #NationalAssembly of the Republic of #Armenia initiates a process to deprive Afganistanâ€™s observer status in the Collective Security Treaty Organization #CSTO Parliamentary Assembly."
2020-10-01 10:30:41+00:00,1324,Twitter Web App,It sounds paradoxical but #Turkey destroys #Azerbaijan. The lands East to #Armenia and #Artsakh became strange mixture of Turkish suburb and base of terrorists. #ArmeniaStrong #ArtsakhStrong
2020-09-30 13:25:45+00:00,80,Twitter Web App,"Ô±Ö€Õ¦Õ¶Õ«Õ¸Ö‚Õ´ Õ¦Ö€Õ¸Ö‚ÖÕ¥ÖÕ«Õ¶Ö„ Õ¡Õ½Õ¸Ö€Õ« Õ°Õ¡Õ´Õ¡ÕµÕ¶Ö„Õ« Õ´Õ¥Ö€ Õ¥Õ²Õ¢Õ¡ÕµÖ€Õ¶Õ¥Ö€Õ« Õ°Õ¥Õ¿ Ö‡ Õ´Õ¥Õ¯ Õ¡Õ¶Õ£Õ¡Õ´ Ö‡Õ½ ÖƒÕ¸Õ­Õ¡Õ¤Õ¡Ö€Õ± Õ°Õ¡Õ¾Õ¡Õ½Õ¿Õ«Õ¡ÖÕ¸Ö‚Õ´Õ¶Õ¥Ö€ Õ¡Ö€Õ¥ÖÕ«Õ¶Ö„ Õ´Õ¥Ö€ Õ¡Õ¦Õ£Õ¥Ö€Õ« Õ¢Õ¡Õ¦Õ´Õ¡Õ¤Õ¡Ö€ÕµÕ¡ Õ¥Õ²Õ¢Õ¡ÕµÖ€Õ¸Ö‚Õ©ÕµÕ¡Õ¶, Õ´Õ«Õ´ÕµÕ¡Õ¶Ö Õ¤Õ¡Õ¼Õ¶Õ¸Ö‚Õ©ÕµÕ¸Ö‚Õ¶Õ¶Õ¥Ö€Õ¶ Õ¸Ö‚ Õ¢Õ¥Ö€Õ¯Ö€Õ¡Õ¶Ö„Õ¶Õ¥Ö€Õ¨ Õ¯Õ«Õ½Õ¥Õ¬Õ¸Ö‚ Ö‡ Õ´Õ¥Ö€ Õ°Õ¡ÕµÖ€Õ¥Õ¶Õ«Ö„Õ« Õ¾Õ¥Ö€Õ¡Õ¢Õ¥Ö€ÕµÕ¡Õ¬ Õ´Õ«Ö‡Õ¶Õ¸Ö‚ÕµÕ¶ Õ¦Õ£Õ¡ÖÕ´Õ¸Ö‚Õ¶Ö„Õ¶Õ¥Ö€ Õ¸Ö‚Õ¶Õ¥Õ¶Õ¡Õ¬Õ¸Ö‚ Õ¾Õ¥Ö€Õ¡Õ¢Õ¥Ö€ÕµÕ¡Õ¬Ö‰ https://t.co/v1ZbkrkHiX"
2020-09-30 13:10:00+00:00,155,Twitter Web App,"3 civilians killed in Martakert, #Artsakh during #AzerbaijaniAgression"
2020-09-29 08:18:26+00:00,686,Twitter Web App,"Had a phone call with my brother Speaker of #Cyprus Parliament @Syllouris, who expressed his support to whole #Armenian nation.

#ArmeniaStrong #ArtsakhStrong #WeWillWin"
2020-09-28 17:58:48+00:00,579,Twitter Web App,We urge our #international partners to unequivocally condemn this aggression of authoritarian #Azerbaijan against democratic #Artsakh
2020-09-28 17:01:18+00:00,687,Twitter Web App,The #international community must take active measures to restrain #AzerbaijaniAggression as well as #Turkish continuous aspirations to intervene in the Nagorno-Karabakh conflict
2020-09-28 16:59:45+00:00,87,Twitter Web App,Constant belligerent and anti-Armenian rhetoric aimed at eviction of #Armenians from #Artsakh once again prove that the #Azerbaijani government is a real threat to the existence of the Armenians
2020-09-28 13:16:29+00:00,177,Twitter Web App,"Today the Republic of #Armenia adduced new #evidence in the @ECHR_CEDH on the targeting of settlements, #civilian objects and the population by the #Azerbaijani armed forces."
2020-09-28 13:03:01+00:00,83,Twitter Web App,"The National Assembly of the Republic of #Armenia unanimously adopted the draft #statement on condemning the #AzerbaijaniAggression unleashed by Azerbaijan against the Republic of #Artsakh #NKR on September 27, 2020."
2020-09-28 10:10:04+00:00,342,Twitter Web App,We will defend our #homeland and impose lasting #peace on the enemy.
2020-09-28 09:31:10+00:00,202,Twitter Web App,"The Azerbaijani authorities do not want to include the #Armenians of #Artsakh in #Azerbaijan, they want Artsakh without Armenians."
2020-09-28 09:20:33+00:00,772,Twitter Web App,"The concern of the existence of the #Armenian people is raised, and we have no choice or alternative, we must fight."
2020-09-27 10:41:59+00:00,109,Twitter Web App,"On the morning of September 27th, Azerbaijan attacked the entire length of the #Artsakh line of contact also targeting #civilian population after missile and artillery preparation and #UAV strikes."
2020-08-21 10:45:15+00:00,42,Twitter Web App,My speech at Fifth World Virtual Conference of Speakers of #Parliament #5WCSP of the @IPUparliament on the theme of Combating Terrorism and Violent Extremism https://t.co/eII2IjAsrk
2019-10-25 10:25:16+00:00,11,Twitter Web App,ÕÕ¿Ö€Õ¡Õ½Õ¢Õ¸Ö‚Ö€Õ£Õ¸Ö‚Õ´ Õ°Õ¡Õ¶Õ¤Õ«ÕºÕ¥ÖÕ« ÔµÕ¾Ö€Õ¸ÕºÕ¡ÕµÕ« Õ­Õ¸Ö€Õ°Ö€Õ¤Õ« Ô³Õ¬Õ­Õ¡Õ¾Õ¸Ö€ Ö„Õ¡Ö€Õ¿Õ¸Ö‚Õ²Õ¡Ö€ Õ„Õ¡Ö€Õ«Õ¡ ÕŠÕ¥ÕµÕ¹Õ«Õ¶Õ¸Õ¾Õ«Õ¹ Ô²Õ¸Ö‚Ö€Õ«Õ¹Õ« Õ°Õ¥Õ¿: https://t.co/uwZT7SKlZr
2019-10-25 09:02:46+00:00,9,Twitter Web App,"ÕÕ¿Ö€Õ¡Õ½Õ¢Õ¸Ö‚Ö€Õ£Õ¸Ö‚Õ´ Õ°Õ¡Õ¶Õ¤Õ«ÕºÕ¥ÖÕ« #ÔµÔ½Ô½Õ Õ¶Õ¡Õ­Õ¡Õ£Õ¡Õ° Ô¼Õ«Õ¬Õ«Õ¡Õ¶ Õ„Õ¸Ö€Õ« ÕŠÕ¡Õ½Ö„Õ«Õ¥Õ« Õ°Õ¥Õ¿:

https://t.co/bhqHRHZ8un"
2019-10-25 07:33:56+00:00,9,Twitter Web App,"Ô»Õ´ Õ¥Õ¬Õ¸Ö‚ÕµÕ©Õ¨ #ÔµÔ½Ô½Õ Õ­Õ¸Ö€Õ°Ö€Õ¤Õ¡Ö€Õ¡Õ¶Õ¶Õ¥Ö€Õ« Õ¶Õ¡Õ­Õ¡Õ£Õ¡Õ°Õ¶Õ¥Ö€Õ« Õ¥Õ¾Ö€Õ¸ÕºÕ¡Õ¯Õ¡Õ¶ Õ°Õ¡Õ´Õ¡ÕªÕ¸Õ²Õ¸Õ¾Õ¸Ö‚Õ´:

https://t.co/FbilwEBdFR"
